family,importance
Queue & Scheduling,0.1981208827182505
Reagents & Supply,0.14218590171797602
Device Reliability,0.02958843670750213
Workflow Complexity,-0.00024477978772372564
